CityId,X,Y,Z
0,36.902328,5.865524,13.08365
1,32.268564,-9.77217,-20.751207
2,38.430958,4.616171,-8.313876
3,17.085076,-13.717743,-32.974108
4,-2.37842,-12.912119,37.349544
5,35.229322,-11.952753,-13.542328
6,8.734037,-37.925268,7.263521
7,18.213856,30.06716,18.209597
8,-17.367236,14.994152,-32.263332
9,-16.055342,36.092639,-2.62974
10,36.89395,-4.48991,-13.639841
